{
  "hash": "7fd02944",
  "configHash": "415f4c42",
  "lockfileHash": "b1253217",
  "browserHash": "1bde66d6",
  "optimized": {
    "@angular/common": {
      "src": "../../../../../../node_modules/@angular/common/fesm2022/common.mjs",
      "file": "@angular_common.js",
      "fileHash": "d49e6a42",
      "needsInterop": false
    },
    "@angular/common/http": {
      "src": "../../../../../../node_modules/@angular/common/fesm2022/http.mjs",
      "file": "@angular_common_http.js",
      "fileHash": "7ffba84b",
      "needsInterop": false
    },
    "@angular/core": {
      "src": "../../../../../../node_modules/@angular/core/fesm2022/core.mjs",
      "file": "@angular_core.js",
      "fileHash": "0d488e72",
      "needsInterop": false
    },
    "@angular/forms": {
      "src": "../../../../../../node_modules/@angular/forms/fesm2022/forms.mjs",
      "file": "@angular_forms.js",
      "fileHash": "50b5c8a4",
      "needsInterop": false
    },
    "@angular/platform-browser": {
      "src": "../../../../../../node_modules/@angular/platform-browser/fesm2022/platform-browser.mjs",
      "file": "@angular_platform-browser.js",
      "fileHash": "d1782a4e",
      "needsInterop": false
    },
    "@angular/router": {
      "src": "../../../../../../node_modules/@angular/router/fesm2022/router.mjs",
      "file": "@angular_router.js",
      "fileHash": "13d43dd8",
      "needsInterop": false
    },
    "sweetalert2": {
      "src": "../../../../../../node_modules/sweetalert2/dist/sweetalert2.esm.all.js",
      "file": "sweetalert2.js",
      "fileHash": "d18509cd",
      "needsInterop": false
    },
    "zone.js": {
      "src": "../../../../../../node_modules/zone.js/fesm2015/zone.js",
      "file": "zone__js.js",
      "fileHash": "5b4cae56",
      "needsInterop": true
    }
  },
  "chunks": {
    "chunk-ZUTI7LDU": {
      "file": "chunk-ZUTI7LDU.js"
    },
    "chunk-UF6RYPHJ": {
      "file": "chunk-UF6RYPHJ.js"
    },
    "chunk-ZESP2ZTF": {
      "file": "chunk-ZESP2ZTF.js"
    },
    "chunk-EOHZQ6CN": {
      "file": "chunk-EOHZQ6CN.js"
    },
    "chunk-66G3TT4M": {
      "file": "chunk-66G3TT4M.js"
    },
    "chunk-WDMUDEB6": {
      "file": "chunk-WDMUDEB6.js"
    }
  }
}